{
    "batchName": "",
    "batchTime": 1685790616,
    "boardConf": "IR-C11M08-00",
    "boardCustom": "",
    "boardName": "DM9098",
    "boardOptions": 1048580,
    "boardRev": "R6M2E6",
    "cameraData": [
        [
            0,
            {
                "cameraType": 0,
                "distortionCoeff": [
                    1.5728150606155396,
                    4.440040111541748,
                    -0.00028005309286527336,
                    4.554672341328114e-05,
                    0.44265690445899963,
                    1.8834277391433716,
                    4.99423885345459,
                    1.607763648033142,
                    0.0,
                    0.0,
                    0.0,
                    0.0,
                    0.0,
                    0.0
                ],
                "extrinsics": {
                    "rotationMatrix": [
                        [
                            0.0,
                            0.0,
                            0.0
                        ],
                        [
                            0.0,
                            0.0,
                            0.0
                        ],
                        [
                            0.0,
                            0.0,
                            0.0
                        ]
                    ],
                    "specTranslation": {
                        "x": -0.0,
                        "y": -0.0,
                        "z": -0.0
                    },
                    "toCameraSocket": -1,
                    "translation": {
                        "x": 0.0,
                        "y": 0.0,
                        "z": 0.0
                    }
                },
                "height": 800,
                "intrinsicMatrix": [
                    [
                        559.2353515625,
                        0.0,
                        623.5889282226563
                    ],
                    [
                        0.0,
                        559.2353515625,
                        382.9631042480469
                    ],
                    [
                        0.0,
                        0.0,
                        1.0
                    ]
                ],
                "lensPosition": 0,
                "specHfovDeg": 68.7938003540039,
                "width": 1280
            }
        ],
        [
            1,
            {
                "cameraType": 0,
                "distortionCoeff": [
                    4.543015480041504,
                    7.974557876586914,
                    -0.0002653890405781567,
                    -0.0003469954535830766,
                    0.7333667874336243,
                    4.847752571105957,
                    9.569236755371094,
                    2.741283416748047,
                    0.0,
                    0.0,
                    0.0,
                    0.0,
                    0.0,
                    0.0
                ],
                "extrinsics": {
                    "rotationMatrix": [
                        [
                            0.999463677406311,
                            -0.0032933184411376715,
                            -0.03258094564080238
                        ],
                        [
                            0.0034501715563237667,
                            0.9999827146530151,
                            0.004759215284138918
                        ],
                        [
                            0.032564710825681686,
                            -0.004869072698056698,
                            0.9994577765464783
                        ]
                    ],
                    "specTranslation": {
                        "x": -7.5,
                        "y": 0.0,
                        "z": 0.0
                    },
                    "toCameraSocket": 2,
                    "translation": {
                        "x": -7.506005764007568,
                        "y": -0.06382840126752853,
                        "z": -0.23322485387325287
                    }
                },
                "height": 800,
                "intrinsicMatrix": [
                    [
                        566.246337890625,
                        0.0,
                        641.0936279296875
                    ],
                    [
                        0.0,
                        566.246337890625,
                        389.16278076171875
                    ],
                    [
                        0.0,
                        0.0,
                        1.0
                    ]
                ],
                "lensPosition": 0,
                "specHfovDeg": 71.86000061035156,
                "width": 1280
            }
        ],
        [
            2,
            {
                "cameraType": 0,
                "distortionCoeff": [
                    1.098082423210144,
                    3.6266050338745117,
                    2.429440792184323e-05,
                    -0.00011718742462107912,
                    0.3594772219657898,
                    1.403438925743103,
                    4.0084733963012695,
                    1.3168449401855469,
                    0.0,
                    0.0,
                    0.0,
                    0.0,
                    0.0,
                    0.0
                ],
                "extrinsics": {
                    "rotationMatrix": [
                        [
                            0.999739408493042,
                            -0.001490583992563188,
                            0.02277860790491104
                        ],
                        [
                            0.0015124576166272163,
                            0.9999983906745911,
                            -0.0009430742939002812
                        ],
                        [
                            -0.022777164354920387,
                            0.000977280200459063,
                            0.9997400641441345
                        ]
                    ],
                    "specTranslation": {
                        "x": 3.75,
                        "y": 0.0,
                        "z": 0.0
                    },
                    "toCameraSocket": 0,
                    "translation": {
                        "x": 3.742593288421631,
                        "y": 0.04827890545129776,
                        "z": -0.013601440005004406
                    }
                },
                "height": 800,
                "intrinsicMatrix": [
                    [
                        560.8984375,
                        0.0,
                        634.8477172851563
                    ],
                    [
                        0.0,
                        560.8984375,
                        416.5338134765625
                    ],
                    [
                        0.0,
                        0.0,
                        1.0
                    ]
                ],
                "lensPosition": 0,
                "specHfovDeg": 71.86000061035156,
                "width": 1280
            }
        ]
    ],
    "hardwareConf": "F1-FV01-BC000",
    "imuExtrinsics": {
        "rotationMatrix": [
            [
                0.0,
                0.0,
                0.0
            ],
            [
                0.0,
                0.0,
                0.0
            ],
            [
                0.0,
                0.0,
                0.0
            ]
        ],
        "specTranslation": {
            "x": 0.0,
            "y": 0.0,
            "z": 0.0
        },
        "toCameraSocket": -1,
        "translation": {
            "x": 0.0,
            "y": 0.0,
            "z": 0.0
        }
    },
    "miscellaneousData": [],
    "productName": "OAK-D-PRO-W-97",
    "stereoRectificationData": {
        "leftCameraSocket": 1,